"","id"
"1","NDAREA138BAN"
"2","NDARNG254BPB"
"3","NDARVK137FBD"
"4","NDARUR189DAB"
"5","NDARVN218TY0"
"6","NDARHU608TUD"
"7","NDARZF803VEQ"
"8","NDARTT233YXE"
"9","NDARLB747FC9"
"10","NDARFZ849TMM"
"11","NDARFT523VM4"
"12","NDARNN845TK5"
"13","NDAREX025GK5"
"14","NDARWH822YU2"
"15","NDARMA015VDE"
"16","NDARGK411RN4"
"17","NDARMA543HW7"
"18","NDARCV891AEP"
"19","NDARND928YMD"
"20","NDARDW267DV7"
"21","NDAREZ898FAK"
"22","NDARHC119BV8"
"23","NDARYM598JZF"
"24","NDARVN918MLC"
"25","NDARAB448KZU"
"26","NDARCE569NEU"
"27","NDARAN953UB3"
"28","NDARJX090MDM"
"29","NDARYW039WRB"
"30","NDARCV114YGV"
"31","NDARYA606NXN"
"32","NDARGB138CUB"
"33","NDARTD215LVP"
"34","NDARZX764RAV"
"35","NDARVB290BAQ"
"36","NDARVE796KKF"
"37","NDARNE471TTG"
"38","NDARKG361CJP"
"39","NDARCH094DBT"
"40","NDARGW324FFY"
"41","NDARCX649UZV"
"42","NDARGV663ENA"
"43","NDARET510ZWY"
"44","NDARWR371ZNH"
"45","NDARFX328VYX"
"46","NDARRU382EYV"
"47","NDARXD281LTU"
"48","NDARRM716XZC"
"49","NDARMD611WVX"
"50","NDARWC970BWV"
"51","NDARPF339REB"
"52","NDARBA815MZ1"
"53","NDARGR375PCZ"
"54","NDARMY046ZEG"
"55","NDARYP652YKV"
"56","NDAREE840JJB"
"57","NDARZN092TUG"
"58","NDARNC752KG4"
"59","NDARYK325CR1"
"60","NDARJF476KKT"
"61","NDARHJ974WWM"
"62","NDARFV544FUP"
"63","NDARJW600WR0"
"64","NDARDD890WYB"
"65","NDARFW635MAC"
"66","NDARYK007WZK"
"67","NDARNU147HFB"
"68","NDARTK962ZNC"
"69","NDARNU667PET"
"70","NDARYC069DJR"
"71","NDARFY079FWD"
"72","NDARKE312CVZ"
