real_guid,pseudo_guid
real_guid,pseudo_guid
NDARAB063TV3,NDAR_INVAB063TV3
NDARAC655VEN,NDAR_INVAC655VEN
NDARAH962RW4,NDAR_INVAH962RW4
NDARAK256NV7,NDAR_INVAK256NV7
NDARAL843MDB,NDAR_INVAL843MDB
NDARAR007VB0,NDAR_INVAR007VB0
NDARAT102KTD,NDAR_INVAT102KTD
NDARAU239UC7,NDAR_INVAU239UC7
NDARAU831KPN,NDAR_INVAH469EPA
NDARAV562BN0,NDAR_INVAV562BN0
NDARAW767PHV,NDAR_INVAW767PHV
NDARAX294HJZ,NDAR_INVAX294HJZ
NDARAZ979RR7,NDAR_INVZU524FH4
NDARBA486FHM,NDAR_INVPT944THM
NDARBA725THN,NDAR_INVBA725THN
NDARBA725THN,NDAR_INVPH887CA4
NDARBJ051JF3,NDAR_INVBJ051JF3
NDARBM116GNV,NDAR_INVBM116GNV
NDARBN158GWV,NDAR_INVBN158GWV
NDARBP754NNG,NDAR_INVMH925BUB
NDARBU669TR4,NDAR_INVBU669TR4
NDARBV877WNX,NDAR_INVCK501LNL
NDARBX064TPQ,NDAR_INVBX064TPQ
NDARBZ367UBM,NDAR_INVBZ367UBM
NDARCA474MFA,NDAR_INVBN354BY6
NDARCB319RVD,NDAR_INVCB319RVD
NDARCB464RB7,NDAR_INVCB464RB7
NDARCC021YPB,NDAR_INVCC021YPB
NDARCF198YDX,NDAR_INVYR817KDY
NDARCK771TJ1,NDAR_INVCK771TJ1
NDARCKLYA386,NDAR_INVCKLYA386
NDARCM961NFW,NDAR_INVCM961NFW
NDARCU255WBE,NDAR_INVAG874PNH
NDARCU268BBM,NDAR_INVCU268BBM
NDARCZ113KAF,NDAR_INVJC120DJB
NDARCZ801FKG,NDAR_INVCZ801FKG
NDARDB788VTE,NDAR_INVDB788VTE
NDARDC331BRZ,NDAR_INVDC331BRZ
NDARDC356LVA,NDAR_INVDC356LVA
NDARDE066CE9,NDAR_INVDE066CE9
NDARDG169FZ1,NDAR_INVYV469TEC
NDARDK131BBY,NDAR_INVEE496VX2
NDARDK812VZP,NDAR_INVXG680TK4
NDARDL248TVP,NDAR_INVGU854FC2
NDARDL480TY8,NDAR_INVBM573BV3
NDARDL805KNA,NDAR_INVDL805KNA
NDARDM141AF3,NDAR_INVDM141AF3
NDARDR831YWQ,NDAR_INVCM557BAN
NDARDU468KKF,NDAR_INVWK590YYJ
NDARDU671FDD,NDAR_INVDU671FDD
NDARDW005WR0,NDAR_INVDW005WR0
NDARDY942DE2,NDAR_INVDY942DE2
NDAREA231LND,NDAR_INVKN390NU6
NDAREB972VVX,NDAR_INVMG179RMV
NDAREC713DDQ,NDAR_INVUV593KRW
NDAREF206CY9,NDAR_INVEF206CY9
NDAREK247RY2,NDAR_INVEK247RY2
NDAREL815VJA,NDAR_INVEL815VJA
NDAREN695ZXU,NDAR_INVEN695ZXU
NDAREP055GTN,NDAR_INVZB048NCQ
NDARER121PJW,NDAR_INVYA717VDB
NDARER671TW7,NDAR_INVER671TW7
NDARET379KK8,NDAR_INVWR622NAP
NDAREV722HRL,NDAR_INVEV722HRL
NDARFB167EV0,NDAR_INVWA052PHD
NDARFC379AZC,NDAR_INVHW974FR3
NDARFC820EZM,NDAR_INVFC820EZM
NDARFD938KB7,NDAR_INVFD938KB7
NDARFF989WWP,NDAR_INVFF989WWP
NDARFK703GR1,NDAR_INVWP211JME
NDARFT509JT4,NDAR_INVFT509JT4
NDARFT814PUP,NDAR_INVFT814PUP
NDARFW136FHR,NDAR_INVHZ105RWR
NDARFW723TVG,NDAR_INVFW723TVG
NDARFW863EK8,NDAR_INVYM591LV9
NDARFZ499LEN,NDAR_INVFZ499LEN
NDARGF549UT0,NDAR_INVTL287BM6
NDARGH549DGG,NDAR_INVGH549DGG
NDARGJ172DJ7,NDAR_INVGJ172DJ7
NDARGM747EUM,NDAR_INVGM747EUM
NDARGN781LWF,NDAR_INVGJ440JRU
NDARGP309YCF,NDAR_INVGP309YCF
NDARGZ892GW0,NDAR_INVGZ892GW0
NDARHE228ZJL,NDAR_INVHE228ZJL
NDARHE838CY6,NDAR_INVHE838CY6
NDARHG139GNY,NDAR_INVHG139GNY
NDARHM555EVR,NDAR_INVFT256PTP
NDARHT110AV5,NDAR_INVHT110AV5
NDARHT996RUZ,NDAR_INVKL479CAA
NDARHV345LJH,NDAR_INVLR953KCY
NDARHX181GCF,NDAR_INVHX181GCF
NDARHY831TGY,NDAR_INVMK076ETN
NDARHZ507EL3,NDAR_INVHZ507EL3
NDARJD943MNR,NDAR_INVTF345WPZ
NDARJG660CGD,NDAR_INVJG660CGD
NDARJG980KC4,NDAR_INVJG980KC4
NDARJT568TYM,NDAR_INVJT568TYM
NDARJU127JNR,NDAR_INVJU127JNR
NDARJV129DZV,NDAR_INVMZ002HR7
NDARJX049CZL,NDAR_INVJX049CZL
NDARKC181EYC,NDAR_INVKC181EYC
NDARKD496PCQ,NDAR_INVVE491VFD
NDARKD908GZ1,NDAR_INVNU446DHG
NDARKE537XZ6,NDAR_INVKE537XZ6
NDARKG772BV5,NDAR_INVFP643TVV
NDARKK705HJH,NDAR_INVKK705HJH
NDARKL066BGL,NDAR_INVKL066BGL
NDARKL520LXY,NDAR_INVKL520LXY
NDARKM502LE4,NDAR_INVKM502LE4
NDARKM624PM6,NDAR_INVND688RFZ
NDARKM905DP3,NDAR_INVML387UZF
NDARKP497RKJ,NDAR_INVKP497RKJ
NDARKV777ALW,NDAR_INVEB816VLA
NDARKW661FCE,NDAR_INVKW661FCE
NDARKZ714ZKE,NDAR_INVKZ714ZKE
NDARLD547AVF,NDAR_INVLD547AVF
NDARLG740AE1,NDAR_INVAP780AW0
NDARLH244JH0,NDAR_INVRP360ZER
NDARLJ349GTP,NDAR_INVLJ349GTP
NDARLK177YU3,NDAR_INVYB224YZZ
NDARLK908GLX,NDAR_INVLK908GLX
NDARLL455AV2,NDAR_INVLL455AV2
NDARLN989ERG,NDAR_INVLN989ERG
NDARLP748YGA,NDAR_INVLP748YGA
NDARLR604FZB,NDAR_INVLR604FZB
NDARLT057JZE,NDAR_INVLT057JZE
NDARLU578HH5,NDAR_INVPJ058MHX
NDARLW544RL4,NDAR_INVLW544RL4
NDARLX236MN8,NDAR_INVLX236MN8
NDARLX937LPU,NDAR_INVYD524EU8
NDARMB554GG1,NDAR_INVBF975AYR
NDARMC410ZTG,NDAR_INVMC410ZTG
NDARMC625LXD,NDAR_INVMC625LXD
NDARMF380AP1,NDAR_INVMF380AP1
NDARMK664FHJ,NDAR_INVWM939JAY
NDARMN155RR8,NDAR_INVXZ887HEV
NDARMR334ZBR,NDAR_INVMH096BAT
NDARMR918DN3,NDAR_INVMR918DN3
NDARMT5V8WHL,NDAR_INVMT5V8WHL
NDARMW546WCR,NDAR_INVMW546WCR
NDARNA854UVY,NDAR_INVNA854UVY
NDARNC516ZCB,NDAR_INVNC516ZCB
NDARNC875KN9,NDAR_INVNC875KN9
NDARNE422HME,NDAR_INVPG488DYU
NDARNF643EJH,NDAR_INVJB903YYP
NDARNH839UHH,NDAR_INVNH839UHH
NDARNJ865YP0,NDAR_INVEK678WJE
NDARNP691RXQ,NDAR_INVNP691RXQ
NDARNU508MBV,NDAR_INVNU508MBV
NDARPB020HAG,NDAR_INVPB020HAG
NDARPC042GG8,NDAR_INVPC042GG8
NDARPF285PWT,NDARJK524PCE
NDARPH197FC7,NDAR_INVPH197FC7
NDARPH552KN7,NDAR_INVPH552KN7
NDARPM564TD1,NDAR_INVPM564TD1
NDARPN742VMG,NDAR_INVPN742VMG
NDARPR302MBT,NDAR_INVRJ159WBW
NDARPR664AV4,NDAR_INVPR664AV4
NDARPT904GA7,NDAR_INVEW509RZE
NDARPU494WTY,NDAR_INVPU494WTY
NDARPU559LZQ,NDAR_INVPU559LZQ
NDARPV137LNG,NDAR_INVPV137LNG
NDARPX795NGG,NDAR_INVVP253EJM
NDARPZ158EX7,NDAR_INVPZ158EX7
NDARPZ658HMY,NDAR_INVPZ658HMY
NDARRE041YGY,NDAR_INVLP732HY0
NDARRE435FP5,NDAR_INVMU235XZH
NDARRH002CKB,NDAR_INVRH002CKB
NDARRM646NFU,NDAR_INVRM646NFU
NDARRR141KWU,NDAR_INVHJ892WY1
NDARRV447NGP,NDAR_INVRV447NGP
NDARRW226AFL,NDAR_INVRW226AFL
NDARRW667LFX,NDAR_INVYZ228MLZ
NDARTA200CVY,NDAR_INVMW884KUP
NDARTA242HWM,NDAR_INVDM475MBC
NDARTC711LGP,NDAR_INVTC711LGP
NDARTD276WDP,NDAR_INVTD276WDP
NDARTJ020CBL,NDAR_INVTJ020CBL
NDARTL684AZB,NDAR_INVTL684AZB
NDARTM704JWL,NDAR_INVTM704JWL
NDARTR895YWA,NDAR_INVTR895YWA
NDARTV906CHK,NDAR_INVTV906CHK
NDARTW595AZ3,NDAR_INVTW595AZ3
NDARUA584VFQ,NDAR_INVKN733WK9
NDARUB077NTN,NDAR_INVJN874MA1
NDARUC693BU4,NDAR_INVPM847EYC
NDARUC756MLK,NDAR_INVUC756MLK
NDARUL017FWP,NDAR_INVRZ398VDV
NDARUN394HDU,NDAR_INVUN394HDU
NDARUN394HDU,NDAR_INVYL929HV8
NDARUP142UWE,NDAR_INVUP142UWE
NDARUX317FM5,NDAR_INVUX317FM5
NDARVA282WC5,NDAR_INVAH098WLJ
NDARVG133ZZD,NDAR_INVVG133ZZD
NDARVG534CN5,NDAR_INVTF105NXC
NDARVH976HLD,NDAR_INVVH976HLD
NDARVL938RZL,NDAR_INVVZ740WBK
NDARVM894BPN,NDAR_INVVM894BPN
NDARVP231BJF,NDAR_INVZM438ZG9
NDARVP581GGQ,NDAR_INVVP581GGQ
NDARVR802JME,NDAR_INVVR802JME
NDARVT541TY8,NDAR_INVYHHCBZBE
NDARVY244UP1,NDAR_INVVY244UP1
NDARVY419NHX,NDAR_INVVC923VJL
NDARVZ961MH7,NDAR_INVWW970VE0
NDARWG157JBC,NDAR_INVWG157JBC
NDARWK546KLR,NDAR_INVWK546KLR
NDARWL572ND1,NDAR_INVWL572ND1
NDARWN907XRM,NDAR_INVWN907XRM
NDARWR424NWX,NDAR_INVNU497NPY
NDARWU742XYQ,NDAR_INVWU742XYQ
NDARWZ177TL7,NDAR_INVAV681HNV
NDARWZ457XPN,NDAR_INVWZ457XPN
NDARXC018NXP,NDAR_INVXC018NXP
NDARXC793VJA,NDAR_INVXC793VJA
NDARXF541PEP,NDAR_INVHK304CEP
NDARXM935PRC,NDAR_INVRR745YEH
NDARXN660UF7,NDAR_INVXN660UF7
NDARXR380ERU,NDAR_INVUK358WNX
NDARXR380ERU,NDAR_INVXR380ERU
NDARXT448DHP,NDAR_INVGG856MVK
NDARXU665CAW,NDAR_INVXU665CAW
NDARXV171MHJ,NDAR_INVXV171MHJ
NDARXW388CE8,NDAR_INVXW388CE8
NDARXY345TMM,NDAR_INVXY345TMM
NDARXY629XF0,NDAR_INVZE574UZ8
NDARXZ329PUF,NDAR_INVXZ329PUF
NDARYA561CW8,NDAR_INVCU368PL2
NDARYA777JH4,NDAR_INVGR617RTF
NDARYA867NU5,NDAR_INVYA867NU5
NDARYB759XVB,NDAR_INVYB759XVB
NDARYC267WHU,NDAR_INVYC267WHU
NDARYC309PXW,NDAR_INVKL255JUD
NDARYC718MBH,NDAR_INVYC718MBH
NDARYD168YYF,NDAR_INVYD168YYF
NDARYF285HBC,NDAR_INVEB166LB9
NDARYG159ZUF,NDAR_INVWC694DTJ
NDARYL947MWM,NDAR_INVYL947MWM
NDARYL963BYC,NDAR_INVYL963BYC
NDARYT591PK9,NDAR_INVYT591PK9
NDARYV111GMK,NDAR_INVYV111GMK
NDARYV591HY6,NDAR_INVYV591HY6
NDARYX099YN7,NDAR_INVYX099YN7
NDARYZ748PHE,NDAR_INVYZ748PHE
NDARZA473NX6,NDAR_INVZA473NX6
NDARZB140TK7,NDAR_INVYX060HYJ
NDARZD010CHH,NDAR_INVAT313GU5
NDARZG693EX5,NDAR_INVZG693EX5
NDARZH742MH5,NDAR_INVZH742MH5
NDARZM767LRB,NDAR_INVZM767LRB
NDARZT967CFU,NDAR_INVZT967CFU
NDARZV625UMJ,NDAR_INVZV625UMJ
NDAR_INV0AEFXDVE,NDAR_INVGW974ECH
NDAR_INV3M77CB9R,NDAR_INVRV693WEB
NDAR_INVBB9GLNC3,NDAR_INV9C21Z6GZ
NDAR_INVJT582KWB,NDAR_INVUH056NNX
NDAR_INVK4HUMY4T,NDARER278FM4
NDAR_INVLE0J68AC,NDAR_INV80K17AD4
NDAR_INVRXX8KVAR,NDARAH550LD0
